"date","close","volume","open","high","low"
"14:22","12.6166","11,074,228","12.625","12.63","12.5701"
"2019/03/25","12.6700","10232550.0000","12.6300","12.6881","12.6200"
"2019/03/22","12.5700","12976410.0000","12.5700","12.5900","12.5401"
"2019/03/21","12.5400","7839506.0000","12.6100","12.6100","12.4800"
"2019/03/20","12.5900","15556890.0000","12.5300","12.6100","12.4369"
"2019/03/19","12.5100","12534960.0000","12.5500","12.5500","12.5000"
"2019/03/18","12.4800","8471493.0000","12.5000","12.5100","12.4600"
"2019/03/15","12.4600","16190600.0000","12.4700","12.5100","12.4500"
"2019/03/14","12.4100","11166950.0000","12.4000","12.4200","12.3800"
"2019/03/13","12.5600","9791799.0000","12.5300","12.5600","12.5100"
"2019/03/12","12.4700","9034578.0000","12.4200","12.4700","12.4100"
"2019/03/11","12.3900","10343730.0000","12.4100","12.4200","12.3600"
"2019/03/08","12.4500","18488210.0000","12.4400","12.4600","12.4000"
"2019/03/07","12.3100","15997780.0000","12.2900","12.3400","12.2800"
"2019/03/06","12.3200","10522770.0000","12.3100","12.3300","12.2900"
"2019/03/05","12.3400","15324320.0000","12.3000","12.3400","12.2700"
"2019/03/04","12.3300","14143740.0000","12.3200","12.3500","12.2800"
"2019/03/01","12.3600","29774870.0000","12.5200","12.5700","12.3500"
"2019/02/28","12.5800","13575960.0000","12.6400","12.6499","12.5700"
"2019/02/27","12.6500","11002870.0000","12.6900","12.7000","12.6100"
"2019/02/26","12.7300","9128894.0000","12.7000","12.7399","12.6800"
"2019/02/25","12.7200","12017160.0000","12.7500","12.7700","12.6900"
"2019/02/22","12.7300","12163560.0000","12.7200","12.7700","12.7100"
"2019/02/21","12.6700","13261000.0000","12.7800","12.8000","12.6700"
"2019/02/20","12.8300","23415270.0000","12.8700","12.9000","12.8000"
"2019/02/19","12.8400","12402630.0000","12.7600","12.8500","12.7600"
"2019/02/15","12.6600","8146003.0000","12.6300","12.6700","12.5900"
"2019/02/14","12.5800","11573110.0000","12.5600","12.5900","12.5200"
"2019/02/13","12.5100","11335740.0000","12.5600","12.6300","12.5000"
"2019/02/12","12.5600","7467003.0000","12.5700","12.5800","12.5300"
"2019/02/11","12.5300","26168860.0000","12.4900","12.5500","12.4900"
"2019/02/08","12.5900","8985106.0000","12.5800","12.6100","12.5700"
"2019/02/07","12.5500","10146530.0000","12.5500","12.5700","12.5100"
"2019/02/06","12.5100","11754630.0000","12.5900","12.5900","12.5100"
"2019/02/05","12.5900","11396470.0000","12.6000","12.6100","12.5711"
"2019/02/04","12.5600","13831560.0000","12.5700","12.6000","12.5500"
"2019/02/01","12.6200","32256040.0000","12.6500","12.6800","12.6044"
"2019/01/31","12.6400","15789580.0000","12.6900","12.6900","12.6300"
"2019/01/30","12.6300","13275250.0000","12.5600","12.6800","12.5400"
"2019/01/29","12.5700","23635380.0000","12.5400","12.5700","12.5100"
"2019/01/28","12.4800","11071990.0000","12.4500","12.5000","12.4400"
"2019/01/25","12.4500","14737410.0000","12.3600","12.4600","12.3600"
"2019/01/24","12.2600","25557580.0000","12.2700","12.3000","12.2500"
"2019/01/23","12.2900","20010000.0000","12.2600","12.3200","12.2500"
"2019/01/22","12.3000","12871670.0000","12.2800","12.3200","12.2500"
"2019/01/18","12.2700","13800280.0000","12.2900","12.3200","12.2700"
"2019/01/17","12.3800","9411349.0000","12.3700","12.3900","12.3500"
"2019/01/16","12.3900","9796451.0000","12.3700","12.4100","12.3600"
"2019/01/15","12.3500","13893900.0000","12.3900","12.4100","12.3244"
"2019/01/14","12.3700","7382519.0000","12.3900","12.3900","12.3500"
"2019/01/11","12.3400","9071846.0000","12.3500","12.3700","12.3300"
"2019/01/10","12.3200","10817230.0000","12.3600","12.3800","12.3200"
"2019/01/09","12.3900","9905983.0000","12.3100","12.4000","12.3000"
"2019/01/08","12.3200","15148760.0000","12.2800","12.3300","12.2700"
"2019/01/07","12.3500","15118170.0000","12.3900","12.3900","12.3200"
"2019/01/04","12.3200","29687620.0000","12.3000","12.3300","12.2300"
"2019/01/03","12.4100","28910860.0000","12.3500","12.4100","12.3350"
"2019/01/02","12.3000","25541850.0000","12.3000","12.3400","12.2500"
"2018/12/31","12.2900","12104930.0000","12.2700","12.2900","12.2500"
"2018/12/28","12.2700","12029930.0000","12.2500","12.2800","12.2300"
"2018/12/27","12.2100","17177040.0000","12.2300","12.2600","12.1700"
"2018/12/26","12.1400","18620400.0000","12.2200","12.2600","12.1200"
"2018/12/24","12.1500","13251370.0000","12.1200","12.1800","12.1100"
"2018/12/21","12.0300","18858040.0000","12.0900","12.0900","12.0100"
"2018/12/20","12.0900","30840810.0000","12.0900","12.1400","12.0300"
"2018/12/19","11.9100","15348570.0000","11.9900","12.0600","11.9000"
"2018/12/18","11.9600","12521930.0000","11.9500","11.9800","11.9400"
"2018/12/17","11.9400","12927450.0000","11.8900","11.9600","11.8800"
"2018/12/14","11.8700","12979130.0000","11.8300","11.8900","11.8150"
"2018/12/13","11.9200","11605770.0000","11.9000","11.9200","11.8800"
"2018/12/12","11.9400","9837118.0000","11.9300","11.9600","11.9200"
"2018/12/11","11.9100","10226840.0000","11.9200","11.9499","11.8900"
"2018/12/10","11.9200","13295420.0000","11.9300","11.9500","11.9000"
"2018/12/07","11.9600","10763730.0000","11.9100","11.9800","11.9100"
"2018/12/06","11.8600","13165360.0000","11.9000","11.9299","11.8445"
"2018/12/04","11.8700","13427100.0000","11.8900","11.9000","11.8500"
"2018/12/03","11.7900","17400110.0000","11.8100","11.8400","11.7800"
"2018/11/30","11.7100","10876580.0000","11.7000","11.7200","11.6600"
"2018/11/29","11.7300","11939740.0000","11.7400","11.7800","11.7100"
"2018/11/28","11.7000","15414530.0000","11.6300","11.7600","11.6100"
"2018/11/27","11.6400","10267730.0000","11.7000","11.7200","11.6100"
"2018/11/26","11.7200","8704849.0000","11.7300","11.7400","11.7100"
"2018/11/23","11.7200","5498608.0000","11.7300","11.7500","11.7100"
"2018/11/21","11.7500","8665141.0000","11.7400","11.7900","11.7400"
"2018/11/20","11.7200","14954770.0000","11.7500","11.7500","11.6900"
"2018/11/19","11.7300","9663985.0000","11.7100","11.7490","11.6900"
"2018/11/16","11.7000","9450403.0000","11.7300","11.7400","11.6900"
"2018/11/15","11.6200","12171300.0000","11.6300","11.6500","11.6100"
"2018/11/14","11.6100","14508840.0000","11.5100","11.6600","11.4900"
"2018/11/13","11.5100","13732940.0000","11.5300","11.5496","11.4900"
"2018/11/12","11.5100","12723160.0000","11.5500","11.5600","11.5100"
"2018/11/09","11.6000","16883410.0000","11.6000","11.6300","11.5600"
"2018/11/08","11.7200","10528660.0000","11.7300","11.7600","11.7000"
"2018/11/07","11.7500","9540726.0000","11.7800","11.7900","11.7400"
"2018/11/06","11.7500","12635510.0000","11.8000","11.8100","11.7250"
"2018/11/05","11.8000","10511340.0000","11.7900","11.8200","11.7750"
"2018/11/02","11.8200","16343250.0000","11.8100","11.8500","11.7900"
"2018/11/01","11.8200","21675380.0000","11.7800","11.8600","11.7700"
"2018/10/31","11.6700","11382620.0000","11.6500","11.6700","11.6100"
"2018/10/30","11.7300","12106560.0000","11.7300","11.7600","11.7100"
"2018/10/29","11.7800","16421920.0000","11.7900","11.8100","11.7350"
"2018/10/26","11.8200","22253700.0000","11.8400","11.9200","11.8100"
"2018/10/25","11.8000","14823460.0000","11.8200","11.8300","11.7700"
"2018/10/24","11.8100","16416280.0000","11.8000","11.8200","11.7600"
"2018/10/23","11.7900","17616930.0000","11.8700","11.8800","11.7900"
"2018/10/22","11.7200","8186533.0000","11.7100","11.7300","11.6950"
"2018/10/19","11.7500","10145820.0000","11.7800","11.7800","11.7500"
"2018/10/18","11.7500","12250900.0000","11.7300","11.7950","11.7100"
"2018/10/17","11.7200","13917900.0000","11.7400","11.7900","11.7200"
"2018/10/16","11.7500","15784600.0000","11.8100","11.8200","11.7400"
"2018/10/15","11.7500","22069030.0000","11.7700","11.8068","11.7400"
"2018/10/12","11.6800","13700840.0000","11.7100","11.7250","11.6600"
"2018/10/11","11.7200","25867770.0000","11.5800","11.7600","11.5600"
"2018/10/10","11.4400","15863350.0000","11.3900","11.4500","11.3700"
"2018/10/09","11.4200","16617220.0000","11.3800","11.4200","11.3400"
"2018/10/08","11.3900","15739390.0000","11.3800","11.4001","11.3400"
"2018/10/05","11.5300","18957460.0000","11.5300","11.5600","11.5000"
"2018/10/04","11.4900","12171310.0000","11.5400","11.5700","11.4750"
"2018/10/03","11.5000","18799060.0000","11.5400","11.5600","11.4700"
"2018/10/02","11.5300","10796800.0000","11.5200","11.5900","11.5100"
"2018/10/01","11.4000","10114620.0000","11.3900","11.4100","11.3600"
"2018/09/28","11.4300","7519768.0000","11.3700","11.4500","11.3500"
"2018/09/27","11.3600","12828750.0000","11.3600","11.3900","11.3300"
"2018/09/26","11.4500","13029720.0000","11.4600","11.5100","11.4137"
"2018/09/25","11.5200","5403354.0000","11.5200","11.5400","11.5000"
"2018/09/24","11.4900","7676910.0000","11.5200","11.5500","11.4900"
"2018/09/21","11.4900","15990360.0000","11.4400","11.5123","11.4300"
"2018/09/20","11.5700","10944140.0000","11.5700","11.5900","11.5300"
"2018/09/19","11.5300","10057160.0000","11.5300","11.5679","11.5200"
"2018/09/18","11.4900","14707330.0000","11.5200","11.5400","11.4700"
"2018/09/17","11.5000","8580017.0000","11.5000","11.5600","11.5000"
"2018/09/14","11.4600","14108410.0000","11.5200","11.5400","11.4400"
"2018/09/13","11.5200","12152800.0000","11.6200","11.6300","11.5050"
"2018/09/12","11.5600","14071410.0000","11.4600","11.5900","11.4500"
"2018/09/11","11.4800","7258942.0000","11.4100","11.4900","11.3900"
"2018/09/10","11.4600","10264730.0000","11.4800","11.4900","11.4500"
"2018/09/07","11.4600","10301660.0000","11.4800","11.5100","11.4450"
"2018/09/06","11.5100","14597690.0000","11.5400","11.5737","11.4700"
"2018/09/05","11.4800","22358610.0000","11.4800","11.4900","11.4600"
"2018/09/04","11.4500","26124340.0000","11.4300","11.4550","11.4000"
"2018/08/31","11.5000","11660340.0000","11.5300","11.5600","11.4901"
"2018/08/30","11.5100","13487550.0000","11.5400","11.5490","11.4700"
"2018/08/29","11.5700","10723340.0000","11.5600","11.5700","11.5300"
"2018/08/28","11.5200","15503910.0000","11.6300","11.6400","11.5000"
"2018/08/27","11.6000","14830900.0000","11.5700","11.6300","11.5600"
"2018/08/24","11.5600","11845220.0000","11.4800","11.5900","11.4700"
"2018/08/23","11.3700","11841190.0000","11.4100","11.4400","11.3500"
"2018/08/22","11.4700","8294674.0000","11.4900","11.5000","11.4500"
"2018/08/21","11.4500","8993965.0000","11.4300","11.4600","11.3900"
"2018/08/20","11.4100","11600290.0000","11.3800","11.4200","11.3600"
"2018/08/17","11.3500","13261460.0000","11.3100","11.3600","11.2800"
"2018/08/16","11.2600","10156900.0000","11.2800","11.3300","11.2500"
"2018/08/15","11.2700","16354470.0000","11.3600","11.3700","11.2500"
"2018/08/14","11.4600","10780740.0000","11.4700","11.5000","11.4300"
"2018/08/13","11.4500","12085920.0000","11.5300","11.5300","11.4200"
"2018/08/10","11.6100","13234600.0000","11.6300","11.6700","11.6100"
"2018/08/09","11.6200","4886833.0000","11.6500","11.6600","11.6200"
"2018/08/08","11.6300","10983310.0000","11.6300","11.6500","11.5900"
"2018/08/07","11.6000","7362575.0000","11.6300","11.6400","11.5900"
"2018/08/06","11.5800","11655740.0000","11.6000","11.6200","11.5800"
"2018/08/03","11.6400","9184964.0000","11.6600","11.7000","11.6300"
"2018/08/02","11.5900","8380613.0000","11.6600","11.6700","11.5900"
"2018/08/01","11.6600","8918034.0000","11.7000","11.7200","11.6600"
"2018/07/31","11.7400","12336660.0000","11.6900","11.7850","11.6801"
"2018/07/30","11.7200","6679671.0000","11.7200","11.7500","11.7100"
"2018/07/27","11.7300","9428563.0000","11.7300","11.7700","11.7200"
"2018/07/26","11.7300","8783846.0000","11.7700","11.8000","11.7200"
"2018/07/25","11.8200","9483482.0000","11.8200","11.8300","11.7742"
"2018/07/24","11.7500","9018553.0000","11.7600","11.7900","11.7400"
"2018/07/23","11.7500","11476220.0000","11.7700","11.7800","11.7200"
"2018/07/20","11.8100","10151980.0000","11.7800","11.8200","11.7700"
"2018/07/19","11.7300","14268110.0000","11.6500","11.7900","11.6500"
"2018/07/18","11.7700","15713510.0000","11.7500","11.7900","11.7300"
"2018/07/17","11.7700","10892450.0000","11.8200","11.8400","11.7600"
"2018/07/16","11.9100","8067737.0000","11.9000","11.9199","11.8719"
"2018/07/13","11.9000","12094320.0000","11.9100","11.9300","11.8900"
"2018/07/12","11.9500","14392410.0000","11.9500","11.9800","11.9400"
"2018/07/11","11.9000","11684050.0000","12.0000","12.0100","11.9000"
"2018/07/10","12.0400","11686510.0000","12.0400","12.0500","12.0100"
"2018/07/09","12.0600","11476350.0000","12.1200","12.1300","12.0600"
"2018/07/06","12.0300","21285500.0000","12.0600","12.0600","12.0200"
"2018/07/05","12.0500","8915670.0000","12.0400","12.0899","12.0300"
"2018/07/03","12.0100","10912080.0000","11.9800","12.0600","11.9800"
"2018/07/02","11.9000","18689270.0000","11.9800","11.9800","11.8900"
"2018/06/29","12.0200","9863033.0000","12.0000","12.0484","11.9700"
"2018/06/28","11.9700","13678080.0000","12.0200","12.0200","11.9500"
"2018/06/27","12.0000","20240480.0000","12.0400","12.0600","12.0000"
"2018/06/26","12.0700","10865300.0000","12.0900","12.1100","12.0600"
"2018/06/25","12.1400","7582322.0000","12.1500","12.1800","12.1338"
"2018/06/22","12.1800","7518261.0000","12.1800","12.1900","12.1600"
"2018/06/21","12.1500","12426820.0000","12.1500","12.1900","12.1300"
"2018/06/20","12.1800","8815788.0000","12.2300","12.2400","12.1700"
"2018/06/19","12.2300","9847689.0000","12.2300","12.2600","12.2100"
"2018/06/18","12.2600","9049456.0000","12.2900","12.3000","12.2500"
"2018/06/15","12.2900","17918000.0000","12.3800","12.3800","12.2332"
"2018/06/14","12.5000","11644060.0000","12.5100","12.5450","12.4900"
"2018/06/13","12.4700","16509600.0000","12.4400","12.4872","12.4000"
"2018/06/12","12.4300","11907770.0000","12.4400","12.4750","12.4200"
"2018/06/11","12.4700","7032136.0000","12.4600","12.5000","12.4500"
"2018/06/08","12.4600","8261382.0000","12.4700","12.4700","12.4405"
"2018/06/07","12.4400","11128280.0000","12.4400","12.4700","12.4250"
"2018/06/06","12.4400","22369440.0000","12.4700","12.4900","12.4150"
"2018/06/05","12.4400","11826840.0000","12.4200","12.4800","12.3800"
"2018/06/04","12.3900","31270030.0000","12.4500","12.4500","12.3900"
"2018/06/01","12.4100","19540750.0000","12.4100","12.4650","12.3900"
"2018/05/31","12.4600","31524730.0000","12.4800","12.5300","12.4600"
"2018/05/30","12.4900","13494310.0000","12.4800","12.5150","12.4700"
"2018/05/29","12.4800","35755610.0000","12.4300","12.5200","12.4200"
"2018/05/25","12.4800","7926566.0000","12.5100","12.5300","12.4700"
"2018/05/24","12.5100","13327290.0000","12.4600","12.5400","12.4600"
"2018/05/23","12.4100","12168880.0000","12.3600","12.4300","12.3600"
"2018/05/22","12.4000","7335520.0000","12.4300","12.4300","12.3900"
"2018/05/21","12.4100","5716523.0000","12.3800","12.4100","12.3500"
"2018/05/18","12.4000","9634923.0000","12.3600","12.4200","12.3500"
"2018/05/17","12.3800","10460660.0000","12.3800","12.4000","12.3500"
"2018/05/16","12.3900","10503190.0000","12.4000","12.4150","12.3500"
"2018/05/15","12.4000","13759960.0000","12.4400","12.4400","12.3600"
"2018/05/14","12.6100","13856600.0000","12.6700","12.6800","12.6000"
"2018/05/11","12.6500","9546413.0000","12.7200","12.7200","12.6500"
"2018/05/10","12.6700","12422970.0000","12.6700","12.6990","12.6310"
"2018/05/09","12.6000","14238280.0000","12.6100","12.6452","12.5800"
"2018/05/08","12.6200","16806730.0000","12.5800","12.6500","12.5300"
"2018/05/07","12.6200","9227334.0000","12.6100","12.6300","12.5800"
"2018/05/04","12.6200","10508340.0000","12.5700","12.6200","12.5600"
"2018/05/03","12.5900","10794670.0000","12.6300","12.6370","12.5800"
"2018/05/02","12.5300","15500600.0000","12.5400","12.6100","12.5100"
"2018/05/01","12.5300","14791680.0000","12.5500","12.5578","12.4950"
"2018/04/30","12.6200","13789370.0000","12.6000","12.6800","12.5700"
"2018/04/27","12.7100","9018125.0000","12.6800","12.7200","12.6700"
"2018/04/26","12.6500","13749010.0000","12.7200","12.7200","12.6200"
"2018/04/25","12.6900","9361058.0000","12.6800","12.7100","12.6600"
"2018/04/24","12.7900","11857320.0000","12.7400","12.7900","12.7200"
"2018/04/23","12.7200","9902546.0000","12.7200","12.7400","12.6900"
"2018/04/20","12.8200","12342720.0000","12.8300","12.8600","12.8100"
"2018/04/19","12.9300","14181300.0000","12.9400","12.9500","12.8700"
"2018/04/18","12.9400","12556630.0000","13.0000","13.0200","12.9350"
"2018/04/17","12.9400","10209060.0000","12.8700","12.9400","12.8600"
"2018/04/16","12.9300","9548569.0000","12.9400","12.9700","12.9100"
"2018/04/13","12.9100","12323510.0000","12.8600","12.9300","12.8600"
"2018/04/12","12.8200","13735510.0000","12.9000","12.9000","12.8000"
"2018/04/11","12.9700","19168850.0000","12.9800","13.1100","12.9400"
"2018/04/10","12.8800","12206650.0000","12.8600","12.8900","12.8250"
"2018/04/09","12.8400","14027230.0000","12.8100","12.8499","12.7800"
"2018/04/06","12.8100","12635900.0000","12.8100","12.8200","12.7700"
"2018/04/05","12.7400","19831470.0000","12.7100","12.7658","12.7000"
"2018/04/04","12.8100","16249450.0000","12.9100","12.9100","12.7900"
"2018/04/03","12.7900","13384670.0000","12.8100","12.8200","12.7600"
"2018/04/02","12.8900","15047510.0000","12.8100","12.9100","12.7962"
"2018/03/29","12.7300","9481521.0000","12.6900","12.7362","12.6800"
"2018/03/28","12.7300","15210820.0000","12.8100","12.8200","12.7000"
"2018/03/27","12.9100","10316910.0000","12.8900","12.9200","12.8600"
"2018/03/26","12.9900","11828980.0000","12.9700","13.0200","12.9600"
"2018/03/23","12.9300","16053200.0000","12.9500","12.9700","12.9000"
"2018/03/22","12.7500","13184860.0000","12.7700","12.7900","12.7200"
"2018/03/21","12.8000","18996860.0000","12.6900","12.8300","12.6500"
"2018/03/20","12.5800","10869400.0000","12.6000","12.6100","12.5500"
"2018/03/19","12.6400","10011560.0000","12.6100","12.6700","12.5900"
"2018/03/16","12.6100","18975980.0000","12.6400","12.6400","12.5710"
"2018/03/15","12.6400","13437130.0000","12.6700","12.6800","12.6200"
"2018/03/14","12.7200","19634920.0000","12.7100","12.7300","12.6850"
"2018/03/13","12.7300","9539972.0000","12.7100","12.7500","12.6600"
"2018/03/12","12.7000","6690547.0000","12.6600","12.7100","12.6300"
"2018/03/09","12.7000","10080890.0000","12.6500","12.7200","12.6300"
"2018/03/08","12.6900","13355080.0000","12.7300","12.7300","12.6600"
"2018/03/07","12.7100","14390910.0000","12.7800","12.7800","12.6917"
"2018/03/06","12.8000","12931490.0000","12.7600","12.8500","12.7600"
"2018/03/05","12.6600","9409146.0000","12.6900","12.7000","12.6500"
"2018/03/02","12.6800","15532440.0000","12.7200","12.7200","12.6500"
"2018/03/01","12.6200","12245420.0000","12.5700","12.6900","12.5000"
"2018/02/28","12.6600","8407375.0000","12.6600","12.6900","12.6362"
"2018/02/27","12.6500","16908810.0000","12.7700","12.7700","12.6100"
"2018/02/26","12.7900","9227070.0000","12.7900","12.8200","12.7700"
"2018/02/23","12.7700","6717638.0000","12.7700","12.7800","12.7400"
"2018/02/22","12.7900","8164479.0000","12.7400","12.7900","12.7400"
"2018/02/21","12.7100","13896580.0000","12.8000","12.8300","12.7000"
"2018/02/20","12.7700","13522040.0000","12.8800","12.9000","12.7500"
"2018/02/16","12.9500","13618840.0000","12.9800","13.0300","12.9150"
"2018/02/15","12.9900","13914630.0000","13.0100","13.0200","12.9500"
"2018/02/14","12.9800","19514350.0000","12.8000","13.0200","12.7800"
"2018/02/13","12.7600","8174108.0000","12.7400","12.7700","12.7000"
"2018/02/12","12.6800","11623210.0000","12.6600","12.7390","12.6600"
"2018/02/09","12.6300","11513890.0000","12.6200","12.6700","12.5900"
"2018/02/08","12.6500","12123790.0000","12.6500","12.6950","12.6000"
"2018/02/07","12.6200","11388300.0000","12.6900","12.7300","12.5948"
"2018/02/06","12.6900","19535010.0000","12.8100","12.8200","12.6700"
"2018/02/05","12.8500","18007260.0000","12.8400","12.8858","12.7950"
"2018/02/02","12.8000","15380720.0000","12.8400","12.8400","12.7500"
"2018/02/01","12.9700","13351200.0000","12.8800","12.9700","12.8600"
"2018/01/31","12.9200","20867030.0000","12.9000","12.9400","12.7910"
"2018/01/30","12.8300","9532195.0000","12.9400","12.9500","12.8300"
"2018/01/29","12.8800","7974285.0000","12.9200","12.9200","12.8400"
"2018/01/26","12.9700","14350760.0000","12.9800","13.0100","12.9500"
"2018/01/25","12.9400","19944770.0000","13.0300","13.1100","12.8900"
"2018/01/24","13.0500","15587620.0000","13.0000","13.0800","12.9800"
"2018/01/23","12.8800","11162370.0000","12.8100","12.8900","12.7800"
"2018/01/22","12.8100","6715892.0000","12.8100","12.8300","12.7800"
"2018/01/19","12.7800","6918887.0000","12.8000","12.8300","12.7800"
"2018/01/18","12.7500","18560070.0000","12.7900","12.8000","12.7300"
"2018/01/17","12.7700","22220910.0000","12.8400","12.8800","12.7400"
"2018/01/16","12.8600","7295347.0000","12.8200","12.8700","12.7900"
"2018/01/12","12.8600","13305370.0000","12.7600","12.8700","12.7300"
"2018/01/11","12.6900","8590032.0000","12.6800","12.7200","12.6800"
"2018/01/10","12.6600","11626130.0000","12.6700","12.6867","12.6259"
"2018/01/09","12.6300","10208370.0000","12.6100","12.6400","12.5700"
"2018/01/08","12.6900","12936370.0000","12.6900","12.6900","12.6400"
"2018/01/05","12.6900","13273060.0000","12.6400","12.7000","12.6300"
"2018/01/04","12.7100","12134730.0000","12.6400","12.7400","12.6200"
"2018/01/03","12.6400","15152390.0000","12.6600","12.6600","12.5601"
"2018/01/02","12.6700","10362750.0000","12.6200","12.6700","12.5900"
"2017/12/29","12.5100","11586020.0000","12.5100","12.5600","12.5000"
"2017/12/28","12.4400","7267622.0000","12.4300","12.4500","12.4000"
"2017/12/27","12.3800","6700194.0000","12.3400","12.3800","12.3300"
"2017/12/26","12.3200","3986449.0000","12.3100","12.3300","12.2900"
"2017/12/22","12.2500","8919506.0000","12.2100","12.2600","12.2000"
"2017/12/21","12.1800","10335680.0000","12.1500","12.1900","12.1400"
"2017/12/20","12.1500","14569130.0000","12.1300","12.1800","12.1200"
"2017/12/19","12.1200","6895235.0000","12.1200","12.1300","12.0900"
"2017/12/18","12.1100","6350187.0000","12.1000","12.1500","12.1000"
"2017/12/15","12.0600","8473510.0000","12.0900","12.1000","12.0400"
"2017/12/14","12.0400","14311300.0000","12.0600","12.0700","12.0100"
"2017/12/13","12.0600","10534130.0000","11.9500","12.0797","11.9400"
"2017/12/12","11.9600","7796709.0000","11.9200","11.9600","11.8800"
"2017/12/11","11.9400","6412944.0000","11.9800","12.0000","11.9200"
"2017/12/08","11.9900","8832053.0000","12.0100","12.0300","11.9700"
"2017/12/07","11.9900","8425749.0000","12.0400","12.0600","11.9500"
"2017/12/06","12.1500","7430068.0000","12.1500","12.1900","12.1300"
"2017/12/05","12.1700","9019268.0000","12.1900","12.2000","12.1100"
"2017/12/04","12.2700","6066587.0000","12.2600","12.2700","12.2300"
"2017/12/01","12.3000","10018520.0000","12.2400","12.3900","12.2100"
"2017/11/30","12.2500","8158003.0000","12.2900","12.3100","12.2000"
"2017/11/29","12.3500","7584080.0000","12.3700","12.3760","12.3190"
"2017/11/28","12.4300","10583910.0000","12.4500","12.4600","12.4000"
"2017/11/27","12.4400","8097936.0000","12.4700","12.4800","12.4135"
"2017/11/24","12.3800","3483559.0000","12.3900","12.4100","12.3649"
"2017/11/22","12.4200","16405130.0000","12.3700","12.4400","12.3600"
"2017/11/21","12.3000","9267687.0000","12.3100","12.3465","12.2901"
"2017/11/20","12.2800","10380250.0000","12.3800","12.3900","12.2500"
"2017/11/17","12.4300","7125775.0000","12.3600","12.4650","12.3400"
"2017/11/16","12.2900","4287046.0000","12.2900","12.3150","12.2700"
"2017/11/15","12.2800","8261501.0000","12.3600","12.3800","12.2700"
"2017/11/14","12.3100","7084890.0000","12.2400","12.3399","12.2200"
"2017/11/13","12.2800","4897143.0000","12.2900","12.3000","12.2700"
"2017/11/10","12.2600","7736403.0000","12.3400","12.3600","12.2329"
"2017/11/09","12.3500","14512740.0000","12.3300","12.3900","12.3200"
"2017/11/08","12.3100","7635783.0000","12.3400","12.3700","12.3000"
"2017/11/07","12.2600","7328244.0000","12.2900","12.3000","12.2200"
"2017/11/06","12.3100","6874264.0000","12.2100","12.3300","12.2100"
"2017/11/03","12.2100","6561918.0000","12.2800","12.2900","12.1600"
"2017/11/02","12.2700","6733134.0000","12.2700","12.3400","12.2500"
"2017/11/01","12.2500","12474200.0000","12.2400","12.3000","12.2200"
"2017/10/31","12.2100","6803715.0000","12.2200","12.2300","12.1850"
"2017/10/30","12.2600","6329763.0000","12.2400","12.2900","12.2200"
"2017/10/27","12.2300","17791040.0000","12.1800","12.2400","12.1600"
"2017/10/26","12.1800","9073387.0000","12.2600","12.2600","12.1600"
"2017/10/25","12.2900","9418712.0000","12.2800","12.3000","12.2300"
"2017/10/24","12.2700","15028110.0000","12.2700","12.3200","12.2400"
"2017/10/23","12.3300","5186189.0000","12.2400","12.3300","12.2300"
"2017/10/20","12.3000","5942300.0000","12.3100","12.3400","12.2800"
"2017/10/19","12.3900","11796040.0000","12.3600","12.4000","12.3500"
"2017/10/18","12.3100","18808380.0000","12.3200","12.3388","12.3000"
"2017/10/17","12.3600","9453001.0000","12.3500","12.3800","12.3200"
"2017/10/16","12.4500","11748690.0000","12.5300","12.5490","12.4000"
"2017/10/13","12.5400","4634808.0000","12.5100","12.5400","12.4800"
"2017/10/12","12.4300","3640640.0000","12.4300","12.4500","12.3900"
"2017/10/11","12.4300","8213844.0000","12.4000","12.4300","12.3400"
"2017/10/10","12.3900","7155329.0000","12.4000","12.4400","12.3800"
"2017/10/09","12.3500","2678409.0000","12.3000","12.3500","12.2938"
"2017/10/06","12.2400","11612840.0000","12.1600","12.2600","12.1100"
"2017/10/05","12.1900","17760910.0000","12.2600","12.2700","12.1800"
"2017/10/04","12.2500","12038330.0000","12.2600","12.2700","12.2100"
"2017/10/03","12.2200","8960687.0000","12.2200","12.2500","12.2100"
"2017/10/02","12.2100","10040830.0000","12.2600","12.2765","12.2100"
"2017/09/29","12.3100","7831561.0000","12.3700","12.3790","12.3000"
"2017/09/28","12.3600","11298920.0000","12.3500","12.3900","12.3200"
"2017/09/27","12.3300","8721858.0000","12.3500","12.3900","12.3300"
"2017/09/26","12.4600","11067830.0000","12.5000","12.5300","12.4300"
"2017/09/25","12.6000","29350240.0000","12.4200","12.6100","12.4100"
"2017/09/22","12.4700","7290556.0000","12.4500","12.4800","12.4300"
"2017/09/21","12.4100","7243424.0000","12.4000","12.4500","12.3900"
"2017/09/20","12.5000","13594750.0000","12.6100","12.6400","12.4550"
"2017/09/19","12.6000","7166924.0000","12.5900","12.6100","12.5400"
"2017/09/18","12.5700","7563935.0000","12.6100","12.6200","12.5400"
"2017/09/15","12.7000","4868288.0000","12.7500","12.7500","12.6800"
"2017/09/14","12.7600","6690952.0000","12.7100","12.7900","12.7010"
"2017/09/13","12.7100","7656563.0000","12.7900","12.7900","12.6900"
"2017/09/12","12.8000","9127879.0000","12.7400","12.8100","12.7400"
"2017/09/11","12.7600","10873330.0000","12.8200","12.8400","12.7500"
"2017/09/08","12.9500","11676550.0000","12.9600","12.9800","12.9050"
"2017/09/07","12.9600","12922390.0000","12.9100","12.9800","12.8900"
"2017/09/06","12.8300","8645948.0000","12.8800","12.8900","12.8000"
"2017/09/05","12.8900","12028640.0000","12.8100","12.9300","12.8000"
"2017/09/01","12.7500","12173330.0000","12.7500","12.7500","12.6528"
"2017/08/31","12.7200","9861148.0000","12.6000","12.7300","12.5900"
"2017/08/30","12.5800","9197893.0000","12.5800","12.6000","12.5590"
"2017/08/29","12.5800","26966700.0000","12.7200","12.7300","12.5450"
"2017/08/28","12.6000","11172880.0000","12.4700","12.6200","12.4700"
"2017/08/25","12.4200","20144400.0000","12.4200","12.4400","12.2600"
"2017/08/24","12.3600","8270388.0000","12.3800","12.4068","12.3500"
"2017/08/23","12.4000","5795636.0000","12.4000","12.4100","12.3700"
"2017/08/22","12.3600","9292053.0000","12.4000","12.4000","12.3244"
"2017/08/21","12.4100","6974020.0000","12.4000","12.4400","12.3900"
"2017/08/18","12.3700","16104550.0000","12.4800","12.5000","12.3500"
"2017/08/17","12.3900","18902830.0000","12.3600","12.4000","12.3200"
"2017/08/16","12.3300","5698711.0000","12.2100","12.3500","12.2000"
"2017/08/15","12.2300","6404604.0000","12.2000","12.2600","12.1900"
"2017/08/14","12.3200","10037900.0000","12.3400","12.3700","12.3100"
"2017/08/11","12.4100","12049670.0000","12.3650","12.4200","12.3400"
"2017/08/10","12.3600","19230280.0000","12.3500","12.3800","12.3400"
"2017/08/09","12.2600","24467760.0000","12.2400","12.3000","12.2150"
"2017/08/08","12.1200","10022920.0000","12.1400","12.1500","12.0300"
"2017/08/07","12.1000","5403764.0000","12.0900","12.1200","12.0800"
"2017/08/04","12.1100","7161818.0000","12.1400","12.1466","12.0600"
"2017/08/03","12.2000","6415879.0000","12.1700","12.2200","12.1700"
"2017/08/02","12.1700","4906571.0000","12.1800","12.2400","12.1700"
"2017/08/01","12.2100","6882548.0000","12.1700","12.2500","12.1700"
"2017/07/31","12.2200","6937702.0000","12.1900","12.2200","12.1800"
"2017/07/28","12.2100","4844822.0000","12.1600","12.2200","12.1500"
"2017/07/27","12.1100","7227888.0000","12.1500","12.1500","12.0700"
"2017/07/26","12.1200","13067480.0000","11.9900","12.1500","11.9800"
"2017/07/25","12.0300","19924070.0000","12.0300","12.0700","12.0100"
"2017/07/24","12.0800","5058802.0000","12.0900","12.1000","12.0531"
"2017/07/21","12.0600","10407790.0000","12.0300","12.0800","12.0100"
"2017/07/20","11.9500","6619606.0000","11.9300","12.0000","11.9000"
"2017/07/19","11.9300","4655482.0000","11.9500","11.9700","11.9200"
"2017/07/18","11.9500","6561283.0000","11.9300","11.9700","11.9200"
"2017/07/17","11.8600","4652531.0000","11.8700","11.8900","11.8500"
"2017/07/14","11.8100","5225839.0000","11.8300","11.8550","11.7950"
"2017/07/13","11.7100","6215495.0000","11.7400","11.7400","11.7000"
"2017/07/12","11.7300","4779242.0000","11.7500","11.7700","11.7200"
"2017/07/11","11.6900","6917567.0000","11.6500","11.7100","11.6200"
"2017/07/10","11.6700","6273305.0000","11.6300","11.6900","11.6100"
"2017/07/07","11.6500","10671400.0000","11.7100","11.7100","11.6141"
"2017/07/06","11.7700","7272200.0000","11.7900","11.7950","11.7500"
"2017/07/05","11.7900","6998890.0000","11.7200","11.8000","11.7200"
"2017/07/03","11.7300","8264404.0000","11.7800","11.8200","11.7300"
"2017/06/30","11.9400","5330658.0000","11.9400","11.9800","11.9300"
"2017/06/29","11.9600","8613849.0000","11.9400","12.0000","11.9200"
"2017/06/28","12.0300","6960091.0000","12.0400","12.0400","12.0000"
"2017/06/27","12.0200","9477408.0000","12.0200","12.0390","11.9800"
"2017/06/26","11.9600","7464264.0000","11.9600","11.9900","11.9500"
"2017/06/23","12.0800","6921776.0000","12.1000","12.1100","12.0600"
"2017/06/22","12.0300","6835538.0000","12.0500","12.0501","11.9935"
"2017/06/21","11.9800","9136600.0000","11.9500","12.0000","11.9500"
"2017/06/20","11.9500","5471115.0000","11.9700","11.9800","11.9400"
"2017/06/19","11.9800","4807717.0000","12.0000","12.0200","11.9600"
"2017/06/16","12.0700","4325156.0000","12.0600","12.0899","12.0500"
"2017/06/15","12.0700","4737196.0000","12.0600","12.0866","12.0400"
"2017/06/14","12.1200","11510400.0000","12.2900","12.3200","12.0900"
"2017/06/13","12.1900","7186409.0000","12.1300","12.2099","12.1222"
"2017/06/12","12.1700","12492420.0000","12.1600","12.2000","12.1600"
"2017/06/09","12.2000","8911139.0000","12.1800","12.2300","12.1700"
"2017/06/08","12.3000","9383325.0000","12.3400","12.3500","12.2300"
"2017/06/07","12.3900","8606930.0000","12.4100","12.4500","12.3350"
"2017/06/06","12.4500","21517190.0000","12.4500","12.4700","12.4100"
"2017/06/05","12.3100","5955829.0000","12.3200","12.3300","12.2921"
"2017/06/02","12.2900","7941709.0000","12.2600","12.3100","12.2500"
"2017/06/01","12.2100","5514289.0000","12.1600","12.2100","12.1400"
"2017/05/31","12.2000","6037801.0000","12.1700","12.2600","12.1600"
"2017/05/30","12.1400","5418379.0000","12.1600","12.1700","12.1300"
"2017/05/26","12.1900","4673747.0000","12.1800","12.2200","12.1650"
"2017/05/25","12.0900","3986735.0000","12.0900","12.1050","12.0600"
"2017/05/24","12.1000","4926663.0000","12.0500","12.1034","12.0200"
"2017/05/23","12.0500","5783354.0000","12.1500","12.1510","12.0300"
"2017/05/22","12.1200","6687433.0000","12.0900","12.1500","12.0900"
"2017/05/19","12.0800","7532037.0000","12.0700","12.0864","12.0200"
"2017/05/18","12.0200","6349296.0000","12.1100","12.1200","11.9800"
"2017/05/17","12.1200","8533537.0000","12.0700","12.1400","12.0600"
"2017/05/16","11.8900","4854973.0000","11.8800","11.9250","11.8700"
"2017/05/15","11.8500","4323183.0000","11.8800","11.8900","11.8300"
"2017/05/12","11.8100","3596295.0000","11.8300","11.8500","11.8000"
"2017/05/11","11.7700","5806127.0000","11.7500","11.8100","11.7400"
"2017/05/10","11.7400","5605514.0000","11.7700","11.7800","11.7100"
"2017/05/09","11.7300","9599366.0000","11.7500","11.7500","11.6800"
"2017/05/08","11.8000","4139587.0000","11.8300","11.8500","11.7900"
"2017/05/05","11.8200","4265861.0000","11.8100","11.8400","11.7900"
"2017/05/04","11.8100","7498062.0000","11.8000","11.8600","11.7900"
"2017/05/03","11.9200","28859550.0000","12.0500","12.0600","11.9200"
"2017/05/02","12.1000","5347623.0000","12.0600","12.1000","12.0500"
"2017/05/01","12.0900","8020570.0000","12.1600","12.2100","12.0650"
"2017/04/28","12.2100","7476291.0000","12.1600","12.2100","12.1600"
"2017/04/27","12.1800","7420745.0000","12.1800","12.1900","12.1300"
"2017/04/26","12.2200","7094617.0000","12.1600","12.2300","12.1200"
"2017/04/25","12.1600","7624209.0000","12.1900","12.2200","12.1400"
"2017/04/24","12.2900","5454472.0000","12.2100","12.2900","12.2000"
"2017/04/21","12.3700","8352530.0000","12.3500","12.3950","12.3100"
"2017/04/20","12.3300","5126305.0000","12.3100","12.3500","12.2800"
"2017/04/19","12.3100","7782174.0000","12.3600","12.3600","12.2600"
"2017/04/18","12.4100","8307456.0000","12.3800","12.4400","12.3050"
"2017/04/17","12.3500","5766304.0000","12.3900","12.4400","12.3300"
"2017/04/13","12.4000","4540507.0000","12.3900","12.4000","12.3338"
"2017/04/12","12.3400","13580940.0000","12.2700","12.3600","12.2400"
"2017/04/11","12.2400","7802646.0000","12.1600","12.2700","12.1600"
"2017/04/10","12.0800","9857611.0000","12.0400","12.1000","12.0200"
"2017/04/07","12.0800","7501537.0000","12.1600","12.2000","12.0400"
"2017/04/06","12.0500","6279878.0000","12.0500","12.0700","12.0300"
"2017/04/05","12.1000","7201654.0000","11.9900","12.1000","11.9700"
"2017/04/04","12.0900","4650722.0000","12.0900","12.1100","12.0660"
"2017/04/03","12.0700","4737713.0000","12.0000","12.0700","11.9900"
"2017/03/31","12.0100","5233055.0000","11.9900","12.0400","11.9700"
"2017/03/30","11.9700","4187569.0000","12.0000","12.0400","11.9600"
"2017/03/29","12.0700","4121615.0000","12.0500","12.0750","12.0338"
"2017/03/28","12.0400","5147701.0000","12.1100","12.1100","12.0000"
"2017/03/27","12.0800","6528379.0000","12.1300","12.1400","12.0500"
"2017/03/24","12.0100","5207326.0000","11.9900","12.0500","11.9700"
"2017/03/23","11.9900","5571714.0000","12.0500","12.0600","11.9600"
"2017/03/22","12.0200","5793512.0000","12.0200","12.0500","11.9950"
"2017/03/21","11.9800","8374913.0000","11.9000","12.0100","11.9000"
"2017/03/20","11.8813","3620513.0000","11.8600","11.8900","11.8500"
"2017/03/17","11.8200","5558617.0000","11.8300","11.8550","11.8200"
"2017/03/16","11.8100","5049296.0000","11.8600","11.8600","11.7900"
"2017/03/15","11.7400","8413496.0000","11.5600","11.7500","11.5300"
"2017/03/14","11.5400","4593580.0000","11.5700","11.6201","11.5200"
"2017/03/13","11.5900","4695419.0000","11.5900","11.6200","11.5700"
"2017/03/10","11.5900","5656359.0000","11.5700","11.6000","11.5300"
"2017/03/09","11.5700","4983171.0000","11.6000","11.6200","11.5600"
"2017/03/08","11.6300","8427233.0000","11.6300","11.6600","11.6200"
"2017/03/07","11.7100","6028823.0000","11.7300","11.7500","11.6800"
"2017/03/06","11.8000","5144996.0000","11.8600","11.8699","11.7900"
"2017/03/03","11.8800","7965363.0000","11.8300","11.9000","11.7700"
"2017/03/02","11.8900","28204040.0000","11.9100","11.9600","11.8500"
"2017/03/01","12.0400","7396838.0000","11.9300","12.0400","11.9200"
"2017/02/28","12.0400","6147681.0000","12.1100","12.1200","12.0100"
"2017/02/27","12.0400","6364492.0000","12.1000","12.1700","12.0400"
"2017/02/24","12.0900","4833422.0000","12.1000","12.1200","12.0500"
"2017/02/23","12.0300","5687850.0000","12.0000","12.0500","11.9900"
"2017/02/22","11.9100","7404628.0000","11.9200","11.9300","11.8500"
"2017/02/21","11.9000","5147596.0000","11.8300","11.9300","11.8000"
"2017/02/17","11.8900","5523224.0000","11.9500","11.9650","11.8900"
"2017/02/16","11.9300","13999800.0000","11.9200","11.9600","11.9100"
"2017/02/15","11.8700","7482906.0000","11.7500","11.8800","11.7500"
"2017/02/14","11.8200","8850069.0000","11.8800","11.8800","11.7600"
"2017/02/13","11.8100","5359455.0000","11.8000","11.8200","11.7400"
"2017/02/10","11.8900","7489345.0000","11.8000","11.9100","11.7900"
"2017/02/09","11.8600","7878191.0000","11.9500","11.9800","11.8437"
"2017/02/08","11.9400","6622871.0000","11.9400","11.9900","11.9000"
"2017/02/07","11.8700","5762119.0000","11.8600","11.9000","11.8400"
"2017/02/06","11.9000","5639046.0000","11.8300","11.9000","11.8000"
"2017/02/03","11.7400","6552695.0000","11.7000","11.7600","11.6900"
"2017/02/02","11.7000","7041952.0000","11.7500","11.7800","11.6800"
"2017/02/01","11.6400","9799932.0000","11.5900","11.6699","11.5350"
"2017/01/31","11.6700","11920100.0000","11.6500","11.7100","11.6400"
"2017/01/30","11.5200","8660387.0000","11.4800","11.5463","11.4700"
"2017/01/27","11.4600","8744621.0000","11.4100","11.4800","11.4000"
"2017/01/26","11.4400","9302593.0000","11.4500","11.4700","11.4000"
"2017/01/25","11.5600","6911666.0000","11.5400","11.5700","11.4900"
"2017/01/24","11.6500","6298510.0000","11.6900","11.7300","11.6200"
"2017/01/23","11.7000","6781497.0000","11.6800","11.7400","11.6431"
"2017/01/20","11.6200","5982044.0000","11.5900","11.7000","11.5500"
"2017/01/19","11.5900","9848155.0000","11.5600","11.6200","11.5100"
"2017/01/18","11.6000","7731490.0000","11.7000","11.7190","11.5701"
"2017/01/17","11.7100","6356069.0000","11.7100","11.7200","11.6700"
"2017/01/13","11.5500","5288265.0000","11.4900","11.5500","11.4400"
"2017/01/12","11.5100","7554988.0000","11.5800","11.6200","11.5000"
"2017/01/11","11.4600","10123400.0000","11.4100","11.5400","11.3300"
"2017/01/10","11.4400","6144327.0000","11.4100","11.4700","11.3800"
"2017/01/09","11.3800","6615967.0000","11.3500","11.4200","11.3400"
"2017/01/06","11.3000","10424890.0000","11.3000","11.3599","11.2700"
"2017/01/05","11.3800","14331900.0000","11.3300","11.4150","11.3250"
"2017/01/04","11.2100","8857261.0000","11.2300","11.2400","11.1800"
"2017/01/03","11.1600","7937259.0000","11.0900","11.2200","11.0500"
"2016/12/30","11.0800","9949545.0000","11.1500","11.1800","11.0700"
"2016/12/29","11.1400","10770730.0000","11.0300","11.1654","11.0228"
"2016/12/28","10.9900","11280130.0000","10.9500","11.0100","10.9400"
"2016/12/27","10.9700","9760916.0000","10.9700","10.9800","10.9333"
"2016/12/23","10.9000","5713657.0000","10.8900","10.9357","10.8900"
"2016/12/22","10.8600","6990921.0000","10.8800","10.9250","10.8600"
"2016/12/21","10.9000","7809546.0000","10.9300","10.9500","10.8800"
"2016/12/20","10.8900","7794384.0000","10.8700","10.9150","10.8400"
"2016/12/19","10.9700","8203735.0000","10.9800","11.0100","10.9500"
"2016/12/16","10.9100","8239361.0000","10.9000","10.9900","10.8600"
"2016/12/15","10.8600","15654830.0000","10.8900","10.9100","10.8100"
"2016/12/14","11.0000","12822130.0000","11.2000","11.2100","10.9610"
"2016/12/13","11.1600","10762360.0000","11.1700","11.1900","11.1200"
"2016/12/12","11.1900","9183836.0000","11.1700","11.2300","11.1400"
"2016/12/09","11.1600","10982260.0000","11.2400","11.2400","11.1350"
"2016/12/08","11.2700","6491120.0000","11.2800","11.3000","11.2600"
"2016/12/07","11.2900","7688217.0000","11.3300","11.3613","11.2900"
"2016/12/06","11.2600","6962441.0000","11.2800","11.3200","11.2300"
"2016/12/05","11.2600","8114483.0000","11.2400","11.3300","11.1400"
"2016/12/02","11.3200","8045965.0000","11.3000","11.3420","11.2900"
"2016/12/01","11.2700","10728980.0000","11.2300","11.3100","11.1720"
"2016/11/30","11.2900","17098560.0000","11.3800","11.4000","11.2700"
"2016/11/29","11.4400","6262799.0000","11.4000","11.4667","11.3850"
"2016/11/28","11.5000","7709344.0000","11.4400","11.5100","11.3901"
"2016/11/25","11.3700","4656904.0000","11.4500","11.4700","11.3500"
"2016/11/23","11.4300","16043910.0000","11.5000","11.5100","11.3800"
"2016/11/22","11.6700","8525847.0000","11.6900","11.7000","11.6150"
"2016/11/21","11.6800","6984394.0000","11.6900","11.7100","11.6432"
"2016/11/18","11.6300","8861523.0000","11.6600","11.7000","11.6100"
"2016/11/17","11.7400","13169300.0000","11.8100","11.8400","11.6600"
"2016/11/16","11.7900","16295160.0000","11.8400","11.8500","11.7700"
"2016/11/15","11.8300","9865882.0000","11.7700","11.8400","11.7500"
"2016/11/14","11.7300","17359740.0000","11.7200","11.8300","11.6700"
"2016/11/11","11.8300","27605210.0000","12.0800","12.0900","11.7400"
"2016/11/10","12.1000","27145260.0000","12.2700","12.2800","12.0600"
"2016/11/09","12.2800","25971210.0000","12.5600","12.5600","12.2300"
"2016/11/08","12.2900","39151180.0000","12.3400","12.4350","12.2600"
"2016/11/07","12.3400","15796310.0000","12.3900","12.4000","12.3100"
"2016/11/04","12.5600","8946661.0000","12.5700","12.5887","12.5300"
"2016/11/03","12.5500","7271166.0000","12.4600","12.5600","12.4600"
"2016/11/02","12.4800","9996395.0000","12.5100","12.6000","12.4800"
"2016/11/01","12.3900","9234655.0000","12.4100","12.4500","12.3800"
"2016/10/31","12.3200","6225128.0000","12.2800","12.3200","12.2450"
"2016/10/28","12.2900","5489555.0000","12.2500","12.3750","12.2000"
"2016/10/27","12.2300","1917382.0000","12.2400","12.2400","12.1926"
"2016/10/26","12.2100","4444499.0000","12.2600","12.2800","12.1810"
"2016/10/25","12.2700","9286626.0000","12.2200","12.3000","12.2100"
"2016/10/24","12.1800","2647663.0000","12.2600","12.2600","12.1400"
"2016/10/21","12.2100","4275987.0000","12.2200","12.2200","12.1750"
"2016/10/20","12.1900","6131662.0000","12.2700","12.2800","12.1850"
"2016/10/19","12.2400","4380459.0000","12.2400","12.2690","12.2100"
"2016/10/18","12.1600","2859689.0000","12.1300","12.1850","12.1008"
"2016/10/17","12.0900","2811849.0000","12.0900","12.1190","12.0800"
"2016/10/14","12.0600","6135235.0000","12.0600","12.1300","12.0400"
"2016/10/13","12.1300","6150597.0000","12.1300","12.1600","12.1000"
"2016/10/12","12.1000","4007451.0000","12.1000","12.1210","12.0500"
"2016/10/11","12.0900","4416778.0000","12.1100","12.1400","12.0700"
"2016/10/10","12.1400","4021509.0000","12.1400","12.1601","12.1101"
"2016/10/07","12.1000","11808120.0000","12.1600","12.1800","11.9600"
"2016/10/06","12.0900","10992230.0000","12.0900","12.1200","12.0400"
"2016/10/05","12.2200","10179620.0000","12.2500","12.2800","12.1600"
"2016/10/04","12.2400","10157210.0000","12.4400","12.4400","12.2000"
"2016/10/03","12.6600","4203356.0000","12.6700","12.6780","12.6200"
"2016/09/30","12.6900","6300898.0000","12.7900","12.7900","12.6550"
"2016/09/29","12.7300","4327256.0000","12.7200","12.7700","12.6800"
"2016/09/28","12.7600","4335626.0000","12.7500","12.7700","12.7000"
"2016/09/27","12.8000","4971989.0000","12.8200","12.8200","12.7650"
"2016/09/26","12.8800","4188137.0000","12.9300","12.9400","12.8739"
"2016/09/23","12.9000","15463520.0000","12.9000","12.9200","12.8700"
"2016/09/22","12.8900","11780590.0000","12.8800","12.9500","12.8800"
"2016/09/21","12.8500","7430491.0000","12.7600","12.8690","12.7200"
"2016/09/20","12.6700","4392174.0000","12.6500","12.6900","12.6400"
"2016/09/19","12.6500","3410906.0000","12.6900","12.6900","12.6500"
"2016/09/16","12.6400","3881853.0000","12.6100","12.6500","12.5900"
"2016/09/15","12.6700","7429478.0000","12.7000","12.7350","12.6100"
"2016/09/14","12.7400","3535901.0000","12.7400","12.7800","12.7300"
"2016/09/13","12.7000","4036529.0000","12.7800","12.7900","12.6800"
"2016/09/12","12.7800","5087574.0000","12.7600","12.8200","12.7300"
"2016/09/09","12.8100","4342796.0000","12.8600","12.8800","12.8000"
"2016/09/08","12.8800","4819308.0000","12.9500","12.9800","12.8700"
"2016/09/07","12.9600","5779384.0000","13.0100","13.0200","12.9400"
"2016/09/06","13.0100","6010103.0000","12.8600","13.0350","12.8500"
"2016/09/02","12.7800","5092147.0000","12.7600","12.7800","12.6800"
"2016/09/01","12.6500","7835711.0000","12.6000","12.6800","12.5800"
"2016/08/31","12.6000","4532709.0000","12.6000","12.6400","12.5900"
"2016/08/30","12.6400","4946012.0000","12.7000","12.7200","12.6150"
"2016/08/29","12.7600","5269496.0000","12.7200","12.7799","12.7100"
"2016/08/26","12.7300","6545240.0000","12.8200","12.9300","12.7100"
"2016/08/25","12.7500","3630651.0000","12.7200","12.7600","12.7200"
"2016/08/24","12.7700","4695351.0000","12.8100","12.8200","12.7500"
"2016/08/23","12.9000","10691300.0000","12.9400","12.9700","12.8900"
"2016/08/22","12.9100","4309642.0000","12.8900","12.9200","12.8700"
"2016/08/19","12.9300","4264639.0000","12.9400","12.9900","12.9100"
"2016/08/18","13.0400","3899575.0000","13.0200","13.0500","12.9850"
"2016/08/17","12.9800","6375074.0000","12.9500","13.0300","12.8800"
"2016/08/16","12.9800","9034896.0000","12.9400","13.0300","12.9300"
"2016/08/15","12.9100","3932709.0000","12.9000","12.9600","12.8900"
"2016/08/12","12.8600","7183400.0000","13.0400","13.0550","12.8500"
"2016/08/11","12.9000","8168556.0000","13.0000","13.0499","12.8750"
"2016/08/10","12.9900","4817272.0000","13.0500","13.0500","12.9400"
"2016/08/09","12.9300","4239149.0000","12.9300","12.9490","12.9000"
"2016/08/08","12.8800","3426349.0000","12.8600","12.9000","12.8500"
"2016/08/05","12.8900","6776218.0000","12.9700","12.9800","12.8700"
"2016/08/04","13.1200","3809316.0000","13.1300","13.1590","13.1100"
"2016/08/03","13.1000","2902821.0000","13.1300","13.1300","13.0500"
"2016/08/02","13.1600","3990329.0000","13.1300","13.1800","13.1200"
"2016/08/01","13.0500","3849135.0000","12.9800","13.0600","12.9799"
"2016/07/29","13.0200","4040352.0000","12.9600","13.0700","12.9100"
"2016/07/28","12.8900","3118465.0000","12.9400","12.9500","12.8400"
"2016/07/27","12.9400","5027569.0000","12.8100","12.9400","12.7390"
"2016/07/26","12.7300","2071329.0000","12.7400","12.7400","12.7000"
"2016/07/25","12.6800","2921932.0000","12.6800","12.7500","12.6401"
"2016/07/22","12.7600","2179419.0000","12.7700","12.7790","12.7200"
"2016/07/21","12.8600","4035050.0000","12.7000","12.8600","12.6800"
"2016/07/20","12.6700","4198185.0000","12.6800","12.7400","12.6500"
"2016/07/19","12.8500","2520997.0000","12.8200","12.8700","12.8000"
"2016/07/18","12.8400","3466141.0000","12.8300","12.8800","12.7900"
"2016/07/15","12.8200","4705397.0000","12.7700","12.8500","12.7600"
"2016/07/14","12.8600","8832180.0000","12.7600","12.8700","12.7200"
"2016/07/13","12.9600","3108456.0000","12.9300","12.9750","12.8900"
"2016/07/12","12.8500","6182182.0000","12.9800","12.9800","12.8290"
"2016/07/11","13.0700","5658221.0000","13.0800","13.1200","13.0400"
"2016/07/08","13.1800","4897363.0000","13.1200","13.1800","13.0235"
"2016/07/07","13.1100","5509223.0000","13.1100","13.1400","13.0235"
"2016/07/06","13.1600","8068422.0000","13.1800","13.2500","13.1200"
"2016/07/05","13.0800","4066067.0000","13.0000","13.0900","12.9400"
"2016/07/01","12.9700","8911470.0000","12.9000","12.9700","12.8700"
"2016/06/30","12.7600","63065410.0000","12.7100","12.7800","12.6800"
"2016/06/29","12.7000","6196449.0000","12.7200","12.8080","12.6900"
"2016/06/28","12.6600","6796803.0000","12.6800","12.7299","12.6300"
"2016/06/27","12.8000","12026320.0000","12.7700","12.8300","12.7060"
"2016/06/24","12.7200","10856510.0000","12.7800","12.8000","12.6200"
"2016/06/23","13.1800","6420862.0000","13.1200","13.1800","13.0235"
"2016/06/22","12.2000","5364256.0000","12.2000","12.2450","12.1800"
"2016/06/21","12.2100","4791156.0000","12.2900","12.3042","12.1950"
"2016/06/20","12.4500","3983238.0000","12.3500","12.4500","12.3300"
"2016/06/17","12.5200","5163905.0000","12.4500","12.5400","12.3901"
"2016/06/16","12.3600","14666870.0000","12.6400","12.6900","12.3400"
"2016/06/15","12.4900","9776199.0000","12.3800","12.5100","12.3601"
"2016/06/14","12.4000","4780929.0000","12.4300","12.4300","12.3500"
"2016/06/13","12.3900","3794155.0000","12.4000","12.4100","12.3210"
"2016/06/10","12.3000","4967619.0000","12.2750","12.3300","12.2300"
"2016/06/09","12.2500","3607420.0000","12.1800","12.2700","12.1700"
"2016/06/08","12.1800","2642835.0000","12.1400","12.1900","12.1362"
"2016/06/07","11.9900","3618255.0000","11.9700","12.0200","11.9500"
"2016/06/06","12.0000","3999445.0000","12.0100","12.0300","11.9600"
"2016/06/03","11.9800","5102761.0000","11.9300","12.0000","11.9300"
"2016/06/02","11.6600","3108219.0000","11.6850","11.7100","11.6600"
"2016/06/01","11.6900","5632894.0000","11.7000","11.7300","11.6300"
"2016/05/31","11.7200","4109720.0000","11.6800","11.7500","11.6700"
"2016/05/27","11.6800","9887863.0000","11.7400","11.7475","11.6300"
"2016/05/26","11.7600","4094667.0000","11.8650","11.8700","11.7500"
"2016/05/25","11.8100","4544705.0000","11.7700","11.8200","11.7400"
"2016/05/24","11.8400","10127080.0000","11.9200","11.9400","11.8300"
"2016/05/23","12.0500","4359872.0000","12.0000","12.0700","11.9800"
"2016/05/20","12.0600","4161112.0000","12.1200","12.1470","12.0400"
"2016/05/19","12.0900","11196940.0000","12.0200","12.1100","12.0000"
"2016/05/18","12.1100","11265220.0000","12.2400","12.3099","12.1000"
"2016/05/17","12.3400","6283404.0000","12.2800","12.3700","12.2600"
"2016/05/16","12.3000","4678258.0000","12.4100","12.4200","12.2500"
"2016/05/13","12.2800","3715015.0000","12.2200","12.3000","12.1800"
"2016/05/12","12.2300","5336075.0000","12.3200","12.3600","12.2110"
"2016/05/11","12.3300","3855884.0000","12.3100","12.3300","12.2500"
"2016/05/10","12.2200","4378893.0000","12.1900","12.2500","12.1238"
"2016/05/09","12.1700","5354606.0000","12.2400","12.2499","12.1700"
"2016/05/06","12.4400","8346826.0000","12.4000","12.5000","12.3750"
"2016/05/05","12.3400","11181790.0000","12.3800","12.3899","12.2400"
"2016/05/04","12.3600","6287865.0000","12.4000","12.4363","12.2700"
"2016/05/03","12.4200","6448206.0000","12.5000","12.5000","12.3700"
"2016/05/02","12.4500","8229634.0000","12.4950","12.5150","12.4200"
"2016/04/29","12.4800","38736610.0000","12.3600","12.5099","12.3500"
"2016/04/28","12.2300","4775962.0000","12.1100","12.2500","12.0899"
"2016/04/27","12.0200","5227222.0000","12.0100","12.0800","11.9500"
"2016/04/26","11.9900","2602361.0000","11.9900","12.0000","11.9500"
"2016/04/25","11.9300","2999017.0000","11.9200","11.9900","11.9200"
"2016/04/22","11.9100","3297701.0000","11.9900","12.0199","11.8400"
"2016/04/21","12.0500","4998009.0000","12.1600","12.1700","12.0201"
"2016/04/20","12.0000","3709170.0000","12.0900","12.1200","11.9842"
"2016/04/19","12.0600","3917119.0000","12.1000","12.1200","12.0500"
"2016/04/18","11.8700","5263429.0000","11.9600","11.9700","11.8700"
"2016/04/15","11.9100","2485489.0000","11.8500","11.9200","11.8300"
"2016/04/14","11.8300","5255211.0000","11.9200","11.9300","11.8000"
"2016/04/13","12.0000","3804737.0000","12.0500","12.0600","11.9700"
"2016/04/12","12.1300","4339688.0000","12.1400","12.1500","12.0700"
"2016/04/11","12.1200","4851853.0000","12.0600","12.1500","12.0500"
"2016/04/08","11.9600","8272954.0000","11.9200","11.9900","11.9100"
"2016/04/07","11.9800","8513996.0000","11.9700","12.0000","11.9150"
"2016/04/06","11.8100","8237402.0000","11.7900","11.8500","11.7350"
"2016/04/05","11.8800","8835932.0000","11.8800","11.9100","11.8250"
"2016/04/04","11.7200","5664319.0000","11.7700","11.7800","11.7200"
"2016/04/01","11.8100","11475200.0000","11.7200","11.8100","11.6600"
"2016/03/31","11.8800","7896073.0000","11.9300","11.9550","11.8700"
"2016/03/30","11.8300","6079453.0000","11.9000","11.9300","11.8050"
"2016/03/29","11.9800","12309610.0000","11.8500","11.9900","11.7950"
"2016/03/28","11.7800","3602503.0000","11.7900","11.8000","11.7300"
